{
  "_format": "hh-sol-cache-2",
  "files": {
    "S:\\projects\\inviolabl\\blockchain\\contracts\\UserAuthentication.sol": {
      "lastModificationDate": 1699986389470,
      "contentHash": "6901bbd0461b1f47fa6550f0c3fdc639",
      "sourceName": "contracts/UserAuthentication.sol",
      "solcConfig": {
        "version": "0.8.19",
        "settings": {
          "optimizer": {
            "enabled": false,
            "runs": 200
          },
          "outputSelection": {
            "*": {
              "*": [
                "abi",
                "evm.bytecode",
                "evm.deployedBytecode",
                "evm.methodIdentifiers",
                "metadata"
              ],
              "": [
                "ast"
              ]
            }
          }
        }
      },
      "imports": [],
      "versionPragmas": [
        "^0.8.0"
      ],
      "artifacts": [
        "UserAuthentication"
      ]
    }
  }
}
